"original ordinal","new effective ordinal","selector","specificity (per comma branch)","preceding potential conflicts (ordinal: selector)","following potential conflicts (ordinal: selector)","context"
"63","63",".spaces-page","0,1,0","","638: .workspace.has-active-space .spaces-page | 923: :root[data-theme=""dark""] body | 966: :root[data-theme=""dark""] .spaces-page, :root[data-theme=""dark""] .space-channel-view | 1124: :root:is([data-theme], :not([data-theme])) body",""
"64","64",".updates-page","0,1,0","","639: .workspace.has-active-updates .updates-page | 683: .updates-page | 923: :root[data-theme=""dark""] body | 998: :root[data-theme=""dark""] .updates-page | 1124: :root:is([data-theme], :not([data-theme])) body",""
"65","65",".spaces-topbar","0,1,0","","640: .spaces-topbar",""
"66","66",".spaces-topbar > div","0,1,1","","",""
"67","67",".spaces-topbar .eyebrow","0,2,0","13: .eyebrow","68: .spaces-topbar h1 | 222: .space-settings-header .eyebrow | 297: .updates-header .eyebrow | 483: .service-error > p:not(.eyebrow) | 793: .calls-home-content .eyebrow | 795: .calls-home-content > p:not(.eyebrow) | 812: .call-dialog-header .eyebrow",""
"68","68",".spaces-topbar h1","0,1,1","67: .spaces-topbar .eyebrow","923: :root[data-theme=""dark""] body | 975: :root[data-theme=""dark""] .spaces-topbar h1, :root[data-theme=""dark""] .spaces-intro h2, :root[data-theme=""dark""] .spaces-list h2, :root[data-theme=""dark""] .space-channel-header > div > span, :root[data-theme=""dark""] .space-messages-empty strong, :root[data-theme=""dark""] .space-message-heading strong, :root[data-theme=""dark""] .space-list-card strong",""
"69","69",".spaces-back","0,1,0","","641: .spaces-back | 923: :root[data-theme=""dark""] body | 983: :root[data-theme=""dark""] .space-back, :root[data-theme=""dark""] .spaces-back | 1124: :root:is([data-theme], :not([data-theme])) body",""
"70","70",".spaces-overview-content","0,1,0","","642: .spaces-overview-content",""
"71","71",".spaces-intro, .spaces-list","0,1,0 / 0,1,0","","643: .spaces-intro, .spaces-list | 923: :root[data-theme=""dark""] body | 977: :root[data-theme=""dark""] .spaces-intro, :root[data-theme=""dark""] .spaces-list, :root[data-theme=""dark""] .space-sidebar, :root[data-theme=""dark""] .space-list-card:hover, :root[data-theme=""dark""] .space-channel:hover, :root[data-theme=""dark""] .space-channel.is-active | 1124: :root:is([data-theme], :not([data-theme])) body | 1127: :root:is([data-theme], :not([data-theme])) .conversation-header, :root:is([data-theme], :not([data-theme])) .message-composer, :root:is([data-theme], :not([data-theme])) .search-box, :root:is([data-theme], :not([data-theme])) .inbox-filters, :root:is([data-theme], :not([data-theme])) .spaces-intro, :root:is([data-theme], :not([data-theme])) .spaces-list, :root:is([data-theme], :not([data-theme])) .space-channel-header",""
"72","72",".spaces-intro-icon, .space-card-mark","0,1,0 / 0,1,0","","923: :root[data-theme=""dark""] body | 1124: :root:is([data-theme], :not([data-theme])) body",""
"73","73",".spaces-intro h2","0,1,1","","74: .spaces-intro > p | 923: :root[data-theme=""dark""] body | 975: :root[data-theme=""dark""] .spaces-topbar h1, :root[data-theme=""dark""] .spaces-intro h2, :root[data-theme=""dark""] .spaces-list h2, :root[data-theme=""dark""] .space-channel-header > div > span, :root[data-theme=""dark""] .space-messages-empty strong, :root[data-theme=""dark""] .space-message-heading strong, :root[data-theme=""dark""] .space-list-card strong | 1127: :root:is([data-theme], :not([data-theme])) .conversation-header, :root:is([data-theme], :not([data-theme])) .message-composer, :root:is([data-theme], :not([data-theme])) .search-box, :root:is([data-theme], :not([data-theme])) .inbox-filters, :root:is([data-theme], :not([data-theme])) .spaces-intro, :root:is([data-theme], :not([data-theme])) .spaces-list, :root:is([data-theme], :not([data-theme])) .space-channel-header | 1131: :root:is([data-theme], :not([data-theme])) .story-copy h1, :root:is([data-theme], :not([data-theme])) .auth-panel h2, :root:is([data-theme], :not([data-theme])) .account-dialog h2, :root:is([data-theme], :not([data-theme])) .pane-heading h1, :root:is([data-theme], :not([data-theme])) .conversation-heading, :root:is([data-theme], :not([data-theme])) .chat-row-copy strong, :root:is([data-theme], :not([data-theme])) .welcome-content h2, :root:is([data-theme], :not([data-theme])) .space-server-header strong, :root:is([data-theme], :not([data-theme])) .space-channel-header > div > span, :root:is([data-theme], :not([data-theme])) .spaces-intro h2, :root:is([data-theme], :not([data-theme])) .spaces-list h2, :root:is([data-theme], :not([data-theme])) .profile-form label > span, :root:is([data-theme], :not([data-theme])) .auth-form label > span",""
"74","74",".spaces-intro > p","0,1,1","73: .spaces-intro h2","923: :root[data-theme=""dark""] body | 975: :root[data-theme=""dark""] .spaces-topbar h1, :root[data-theme=""dark""] .spaces-intro h2, :root[data-theme=""dark""] .spaces-list h2, :root[data-theme=""dark""] .space-channel-header > div > span, :root[data-theme=""dark""] .space-messages-empty strong, :root[data-theme=""dark""] .space-message-heading strong, :root[data-theme=""dark""] .space-list-card strong | 1127: :root:is([data-theme], :not([data-theme])) .conversation-header, :root:is([data-theme], :not([data-theme])) .message-composer, :root:is([data-theme], :not([data-theme])) .search-box, :root:is([data-theme], :not([data-theme])) .inbox-filters, :root:is([data-theme], :not([data-theme])) .spaces-intro, :root:is([data-theme], :not([data-theme])) .spaces-list, :root:is([data-theme], :not([data-theme])) .space-channel-header | 1131: :root:is([data-theme], :not([data-theme])) .story-copy h1, :root:is([data-theme], :not([data-theme])) .auth-panel h2, :root:is([data-theme], :not([data-theme])) .account-dialog h2, :root:is([data-theme], :not([data-theme])) .pane-heading h1, :root:is([data-theme], :not([data-theme])) .conversation-heading, :root:is([data-theme], :not([data-theme])) .chat-row-copy strong, :root:is([data-theme], :not([data-theme])) .welcome-content h2, :root:is([data-theme], :not([data-theme])) .space-server-header strong, :root:is([data-theme], :not([data-theme])) .space-channel-header > div > span, :root:is([data-theme], :not([data-theme])) .spaces-intro h2, :root:is([data-theme], :not([data-theme])) .spaces-list h2, :root:is([data-theme], :not([data-theme])) .profile-form label > span, :root:is([data-theme], :not([data-theme])) .auth-form label > span",""
"75","75",".spaces-create-form","0,1,0","","83: .spaces-create-form .primary-button",""
"76","76",".spaces-create-form > label","0,1,1","","77: .spaces-create-form input, .spaces-create-form textarea | 923: :root[data-theme=""dark""] body | 978: :root[data-theme=""dark""] .spaces-create-form > label, :root[data-theme=""dark""] .space-message p | 982: :root[data-theme=""dark""] .spaces-create-form input, :root[data-theme=""dark""] .spaces-create-form textarea, :root[data-theme=""dark""] .space-dialog .profile-form input, :root[data-theme=""dark""] .space-dialog .profile-form select, :root[data-theme=""dark""] .space-dialog .profile-form textarea",""
"77","77",".spaces-create-form input, .spaces-create-form textarea","0,1,1 / 0,1,1","76: .spaces-create-form > label","923: :root[data-theme=""dark""] body | 978: :root[data-theme=""dark""] .spaces-create-form > label, :root[data-theme=""dark""] .space-message p | 982: :root[data-theme=""dark""] .spaces-create-form input, :root[data-theme=""dark""] .spaces-create-form textarea, :root[data-theme=""dark""] .space-dialog .profile-form input, :root[data-theme=""dark""] .space-dialog .profile-form select, :root[data-theme=""dark""] .space-dialog .profile-form textarea | 1124: :root:is([data-theme], :not([data-theme])) body",""
"78","78",".spaces-create-form textarea","0,1,1","","",""
"79","79",".space-icon-choice-label","0,1,0","","923: :root[data-theme=""dark""] body | 987: :root[data-theme=""dark""] .space-icon-choice-label",""
"80","80",".space-icon-choice-list","0,1,0","","81: .space-icon-choice-list button",""
"81","81",".space-icon-choice-list button","0,1,1","80: .space-icon-choice-list","82: .space-icon-choice-list button:hover, .space-icon-choice-list button.selected | 923: :root[data-theme=""dark""] body | 986: :root[data-theme=""dark""] .space-server-icon, :root[data-theme=""dark""] .space-icon-choice-list button.selected | 988: :root[data-theme=""dark""] .space-icon-choice-list button | 989: :root[data-theme=""dark""] .space-icon-choice-list button:hover | 1124: :root:is([data-theme], :not([data-theme])) body",""
"82","82",".space-icon-choice-list button:hover, .space-icon-choice-list button.selected","0,2,1 / 0,2,1","81: .space-icon-choice-list button","498: .chat-list-item:hover, .chat-list-item.selected | 599: .new-chat-tabs button.selected | 923: :root[data-theme=""dark""] body | 931: :root[data-theme=""dark""] .search-box, :root[data-theme=""dark""] .inbox-filters, :root[data-theme=""dark""] .icon-button, :root[data-theme=""dark""] .empty-symbol, :root[data-theme=""dark""] .chat-list-item:hover, :root[data-theme=""dark""] .chat-list-item.selected, :root[data-theme=""dark""] .inbox-filters button.filter-active, :root[data-theme=""dark""] .search-result:hover, :root[data-theme=""dark""] .search-result:focus-visible, :root[data-theme=""dark""] .username-match:hover, :root[data-theme=""dark""] .username-match.is-selected, :root[data-theme=""dark""] .call-history-item:hover, :root[data-theme=""dark""] .chat-details-back:hover, :root[data-theme=""dark""] .mobile-bottom-nav button[aria-current=""page""] | 986: :root[data-theme=""dark""] .space-server-icon, :root[data-theme=""dark""] .space-icon-choice-list button.selected | 988: :root[data-theme=""dark""] .space-icon-choice-list button | 989: :root[data-theme=""dark""] .space-icon-choice-list button:hover | 1019: :root[data-theme=""dark""] .search-box:hover, :root[data-theme=""dark""] .chat-list-item:hover, :root[data-theme=""dark""] .chat-list-item.selected, :root[data-theme=""dark""] .inbox-filters button:hover, :root[data-theme=""dark""] .message-actions button:hover | 1070: 50% | 1124: :root:is([data-theme], :not([data-theme])) body | 1141: :root:is([data-theme], :not([data-theme])) .rail-item-active, :root:is([data-theme], :not([data-theme])) .chat-list-item.selected, :root:is([data-theme], :not([data-theme])) .inbox-filters button.filter-active, :root:is([data-theme], :not([data-theme])) .username-match.is-selected, :root:is([data-theme], :not([data-theme])) .mobile-bottom-nav button[aria-current=""page""], :root:is([data-theme], :not([data-theme])) .space-channel.is-active",""
"83","83",".spaces-create-form .primary-button","0,2,0","48: .primary-button | 75: .spaces-create-form","436: .group-invite .primary-button",""
"84","84",".spaces-create-hint","0,1,0","","85: .spaces-create-hint strong | 923: :root[data-theme=""dark""] body | 979: :root[data-theme=""dark""] .spaces-create-hint strong, :root[data-theme=""dark""] .space-dialog-copy strong",""
"85","85",".spaces-create-hint strong","0,1,1","84: .spaces-create-hint","923: :root[data-theme=""dark""] body | 979: :root[data-theme=""dark""] .spaces-create-hint strong, :root[data-theme=""dark""] .space-dialog-copy strong",""
"86","86",".spaces-list h2","0,1,1","","923: :root[data-theme=""dark""] body | 975: :root[data-theme=""dark""] .spaces-topbar h1, :root[data-theme=""dark""] .spaces-intro h2, :root[data-theme=""dark""] .spaces-list h2, :root[data-theme=""dark""] .space-channel-header > div > span, :root[data-theme=""dark""] .space-messages-empty strong, :root[data-theme=""dark""] .space-message-heading strong, :root[data-theme=""dark""] .space-list-card strong | 1127: :root:is([data-theme], :not([data-theme])) .conversation-header, :root:is([data-theme], :not([data-theme])) .message-composer, :root:is([data-theme], :not([data-theme])) .search-box, :root:is([data-theme], :not([data-theme])) .inbox-filters, :root:is([data-theme], :not([data-theme])) .spaces-intro, :root:is([data-theme], :not([data-theme])) .spaces-list, :root:is([data-theme], :not([data-theme])) .space-channel-header | 1131: :root:is([data-theme], :not([data-theme])) .story-copy h1, :root:is([data-theme], :not([data-theme])) .auth-panel h2, :root:is([data-theme], :not([data-theme])) .account-dialog h2, :root:is([data-theme], :not([data-theme])) .pane-heading h1, :root:is([data-theme], :not([data-theme])) .conversation-heading, :root:is([data-theme], :not([data-theme])) .chat-row-copy strong, :root:is([data-theme], :not([data-theme])) .welcome-content h2, :root:is([data-theme], :not([data-theme])) .space-server-header strong, :root:is([data-theme], :not([data-theme])) .space-channel-header > div > span, :root:is([data-theme], :not([data-theme])) .spaces-intro h2, :root:is([data-theme], :not([data-theme])) .spaces-list h2, :root:is([data-theme], :not([data-theme])) .profile-form label > span, :root:is([data-theme], :not([data-theme])) .auth-form label > span",""
"87","87",".spaces-empty","0,1,0","","923: :root[data-theme=""dark""] body",""
"88","88",".space-list-card","0,1,0","","89: .space-list-card:hover | 90: .space-list-card > span:last-child | 92: .space-list-card small | 923: :root[data-theme=""dark""] body | 975: :root[data-theme=""dark""] .spaces-topbar h1, :root[data-theme=""dark""] .spaces-intro h2, :root[data-theme=""dark""] .spaces-list h2, :root[data-theme=""dark""] .space-channel-header > div > span, :root[data-theme=""dark""] .space-messages-empty strong, :root[data-theme=""dark""] .space-message-heading strong, :root[data-theme=""dark""] .space-list-card strong | 977: :root[data-theme=""dark""] .spaces-intro, :root[data-theme=""dark""] .spaces-list, :root[data-theme=""dark""] .space-sidebar, :root[data-theme=""dark""] .space-list-card:hover, :root[data-theme=""dark""] .space-channel:hover, :root[data-theme=""dark""] .space-channel.is-active | 1124: :root:is([data-theme], :not([data-theme])) body",""
"89","89",".space-list-card:hover","0,2,0","88: .space-list-card","923: :root[data-theme=""dark""] body | 977: :root[data-theme=""dark""] .spaces-intro, :root[data-theme=""dark""] .spaces-list, :root[data-theme=""dark""] .space-sidebar, :root[data-theme=""dark""] .space-list-card:hover, :root[data-theme=""dark""] .space-channel:hover, :root[data-theme=""dark""] .space-channel.is-active | 1124: :root:is([data-theme], :not([data-theme])) body",""
"90","90",".space-list-card > span:last-child","0,2,1","88: .space-list-card","",""
"91","91",".space-list-card strong","0,1,1","","92: .space-list-card small",""
"92","92",".space-list-card small","0,1,1","88: .space-list-card | 91: .space-list-card strong","923: :root[data-theme=""dark""] body | 975: :root[data-theme=""dark""] .spaces-topbar h1, :root[data-theme=""dark""] .spaces-intro h2, :root[data-theme=""dark""] .spaces-list h2, :root[data-theme=""dark""] .space-channel-header > div > span, :root[data-theme=""dark""] .space-messages-empty strong, :root[data-theme=""dark""] .space-message-heading strong, :root[data-theme=""dark""] .space-list-card strong",""
"93","93",".space-work-area","0,1,0","","644: .space-work-area",""
"94","94",".space-sidebar","0,1,0","","923: :root[data-theme=""dark""] body | 977: :root[data-theme=""dark""] .spaces-intro, :root[data-theme=""dark""] .spaces-list, :root[data-theme=""dark""] .space-sidebar, :root[data-theme=""dark""] .space-list-card:hover, :root[data-theme=""dark""] .space-channel:hover, :root[data-theme=""dark""] .space-channel.is-active | 1124: :root:is([data-theme], :not([data-theme])) body | 1126: :root:is([data-theme], :not([data-theme])) .primary-rail, :root:is([data-theme], :not([data-theme])) .inbox-pane, :root:is([data-theme], :not([data-theme])) .space-sidebar, :root:is([data-theme], :not([data-theme])) .space-server-header, :root:is([data-theme], :not([data-theme])) .mobile-bottom-nav",""
"95","95",".space-server-header","0,1,0","","96: .space-server-header > div | 97: .space-server-header strong | 98: .space-server-header small | 646: .space-server-header | 923: :root[data-theme=""dark""] body | 1124: :root:is([data-theme], :not([data-theme])) body | 1126: :root:is([data-theme], :not([data-theme])) .primary-rail, :root:is([data-theme], :not([data-theme])) .inbox-pane, :root:is([data-theme], :not([data-theme])) .space-sidebar, :root:is([data-theme], :not([data-theme])) .space-server-header, :root:is([data-theme], :not([data-theme])) .mobile-bottom-nav",""
"96","96",".space-server-header > div","0,1,1","95: .space-server-header","97: .space-server-header strong | 98: .space-server-header small",""
"97","97",".space-server-header strong","0,1,1","95: .space-server-header | 96: .space-server-header > div","98: .space-server-header small | 647: .space-server-header strong | 923: :root[data-theme=""dark""] body | 976: :root[data-theme=""dark""] .space-server-header strong | 1126: :root:is([data-theme], :not([data-theme])) .primary-rail, :root:is([data-theme], :not([data-theme])) .inbox-pane, :root:is([data-theme], :not([data-theme])) .space-sidebar, :root:is([data-theme], :not([data-theme])) .space-server-header, :root:is([data-theme], :not([data-theme])) .mobile-bottom-nav | 1131: :root:is([data-theme], :not([data-theme])) .story-copy h1, :root:is([data-theme], :not([data-theme])) .auth-panel h2, :root:is([data-theme], :not([data-theme])) .account-dialog h2, :root:is([data-theme], :not([data-theme])) .pane-heading h1, :root:is([data-theme], :not([data-theme])) .conversation-heading, :root:is([data-theme], :not([data-theme])) .chat-row-copy strong, :root:is([data-theme], :not([data-theme])) .welcome-content h2, :root:is([data-theme], :not([data-theme])) .space-server-header strong, :root:is([data-theme], :not([data-theme])) .space-channel-header > div > span, :root:is([data-theme], :not([data-theme])) .spaces-intro h2, :root:is([data-theme], :not([data-theme])) .spaces-list h2, :root:is([data-theme], :not([data-theme])) .profile-form label > span, :root:is([data-theme], :not([data-theme])) .auth-form label > span",""
"98","98",".space-server-header small","0,1,1","95: .space-server-header | 96: .space-server-header > div | 97: .space-server-header strong","647: .space-server-header strong | 923: :root[data-theme=""dark""] body | 976: :root[data-theme=""dark""] .space-server-header strong | 1126: :root:is([data-theme], :not([data-theme])) .primary-rail, :root:is([data-theme], :not([data-theme])) .inbox-pane, :root:is([data-theme], :not([data-theme])) .space-sidebar, :root:is([data-theme], :not([data-theme])) .space-server-header, :root:is([data-theme], :not([data-theme])) .mobile-bottom-nav | 1131: :root:is([data-theme], :not([data-theme])) .story-copy h1, :root:is([data-theme], :not([data-theme])) .auth-panel h2, :root:is([data-theme], :not([data-theme])) .account-dialog h2, :root:is([data-theme], :not([data-theme])) .pane-heading h1, :root:is([data-theme], :not([data-theme])) .conversation-heading, :root:is([data-theme], :not([data-theme])) .chat-row-copy strong, :root:is([data-theme], :not([data-theme])) .welcome-content h2, :root:is([data-theme], :not([data-theme])) .space-server-header strong, :root:is([data-theme], :not([data-theme])) .space-channel-header > div > span, :root:is([data-theme], :not([data-theme])) .spaces-intro h2, :root:is([data-theme], :not([data-theme])) .spaces-list h2, :root:is([data-theme], :not([data-theme])) .profile-form label > span, :root:is([data-theme], :not([data-theme])) .auth-form label > span",""
"99","99",".space-server-icon","0,1,0","","648: .space-server-icon | 923: :root[data-theme=""dark""] body | 986: :root[data-theme=""dark""] .space-server-icon, :root[data-theme=""dark""] .space-icon-choice-list button.selected | 1124: :root:is([data-theme], :not([data-theme])) body",""
"100","100",".space-settings-button","0,1,0","","101: .space-settings-button:hover | 649: .space-settings-button | 923: :root[data-theme=""dark""] body | 1124: :root:is([data-theme], :not([data-theme])) body",""
"101","101",".space-settings-button:hover","0,2,0","100: .space-settings-button","923: :root[data-theme=""dark""] body | 1124: :root:is([data-theme], :not([data-theme])) body",""
"102","102",".space-all-spaces","0,1,0","","103: .space-all-spaces:hover | 923: :root[data-theme=""dark""] body | 1124: :root:is([data-theme], :not([data-theme])) body",""
"103","103",".space-all-spaces:hover","0,2,0","102: .space-all-spaces","923: :root[data-theme=""dark""] body | 1124: :root:is([data-theme], :not([data-theme])) body",""
"104","104",".space-section-heading","0,1,0","","108: .space-section-heading button | 109: .space-section-heading button:hover | 651: .space-section-heading | 923: :root[data-theme=""dark""] body",""
"105","105",".space-category","0,1,0","","",""
"106","106",".space-category-toggle","0,1,0","","923: :root[data-theme=""dark""] body | 1124: :root:is([data-theme], :not([data-theme])) body",""
"107","107",".space-category-toggle span","0,1,1","","",""
"108","108",".space-section-heading button","0,1,1","104: .space-section-heading","109: .space-section-heading button:hover | 652: .space-section-heading button | 923: :root[data-theme=""dark""] body | 1124: :root:is([data-theme], :not([data-theme])) body",""
"109","109",".space-section-heading button:hover","0,2,1","104: .space-section-heading | 108: .space-section-heading button","923: :root[data-theme=""dark""] body | 1124: :root:is([data-theme], :not([data-theme])) body",""
"110","110",".space-channel-list","0,1,0","","",""
"111","111",".space-channel","0,1,0","","113: .space-channel:hover, .space-channel.is-active | 215: .space-channel-row .space-channel:hover, .space-channel-row.is-active .space-channel | 653: .space-channel | 654: .space-channel | 923: :root[data-theme=""dark""] body | 977: :root[data-theme=""dark""] .spaces-intro, :root[data-theme=""dark""] .spaces-list, :root[data-theme=""dark""] .space-sidebar, :root[data-theme=""dark""] .space-list-card:hover, :root[data-theme=""dark""] .space-channel:hover, :root[data-theme=""dark""] .space-channel.is-active | 984: :root[data-theme=""dark""] .space-channel:hover, :root[data-theme=""dark""] .space-channel.is-active | 1124: :root:is([data-theme], :not([data-theme])) body | 1141: :root:is([data-theme], :not([data-theme])) .rail-item-active, :root:is([data-theme], :not([data-theme])) .chat-list-item.selected, :root:is([data-theme], :not([data-theme])) .inbox-filters button.filter-active, :root:is([data-theme], :not([data-theme])) .username-match.is-selected, :root:is([data-theme], :not([data-theme])) .mobile-bottom-nav button[aria-current=""page""], :root:is([data-theme], :not([data-theme])) .space-channel.is-active",""
"112","112",".space-channel span","0,1,1","","214: .space-channel-row .space-channel | 655: .space-channel svg",""
"113","113",".space-channel:hover, .space-channel.is-active","0,2,0 / 0,2,0","111: .space-channel","213: .space-channel-row.is-active | 215: .space-channel-row .space-channel:hover, .space-channel-row.is-active .space-channel | 226: .space-settings-nav button:hover, .space-settings-nav button.is-active | 237: .space-channel-settings-tabs button:hover, .space-channel-settings-tabs button.is-active | 306: .updates-filters button:hover, .updates-filters button.is-active | 923: :root[data-theme=""dark""] body | 977: :root[data-theme=""dark""] .spaces-intro, :root[data-theme=""dark""] .spaces-list, :root[data-theme=""dark""] .space-sidebar, :root[data-theme=""dark""] .space-list-card:hover, :root[data-theme=""dark""] .space-channel:hover, :root[data-theme=""dark""] .space-channel.is-active | 984: :root[data-theme=""dark""] .space-channel:hover, :root[data-theme=""dark""] .space-channel.is-active | 994: :root[data-theme=""dark""] .space-settings-nav button:hover, :root[data-theme=""dark""] .space-settings-nav button.is-active, :root[data-theme=""dark""] .space-channel-settings-tabs button:hover, :root[data-theme=""dark""] .space-channel-settings-tabs button.is-active, :root[data-theme=""dark""] .space-channel-row.is-active | 1002: :root[data-theme=""dark""] .updates-search button, :root[data-theme=""dark""] .updates-filters button.is-active | 1124: :root:is([data-theme], :not([data-theme])) body | 1141: :root:is([data-theme], :not([data-theme])) .rail-item-active, :root:is([data-theme], :not([data-theme])) .chat-list-item.selected, :root:is([data-theme], :not([data-theme])) .inbox-filters button.filter-active, :root:is([data-theme], :not([data-theme])) .username-match.is-selected, :root:is([data-theme], :not([data-theme])) .mobile-bottom-nav button[aria-current=""page""], :root:is([data-theme], :not([data-theme])) .space-channel.is-active",""
"114","114",".space-manage-members","0,1,0","","115: .space-manage-members:hover | 923: :root[data-theme=""dark""] body | 1124: :root:is([data-theme], :not([data-theme])) body",""
"115","115",".space-manage-members:hover","0,2,0","114: .space-manage-members","923: :root[data-theme=""dark""] body | 1124: :root:is([data-theme], :not([data-theme])) body",""
"116","116",".space-manage-members span","0,1,1","","117: .space-manage-members small",""
"117","117",".space-manage-members small","0,1,1","116: .space-manage-members span","",""
"118","118",".space-channel-grants","0,1,0","","120: .space-channel-grants label",""
"119","119",".space-channel-grants legend","0,1,1","","923: :root[data-theme=""dark""] body",""
"120","120",".space-channel-grants label","0,1,1","118: .space-channel-grants","",""
"121","121",".spaces-error","0,1,0","","923: :root[data-theme=""dark""] body",""
"122","122",".space-channel-view","0,1,0","","923: :root[data-theme=""dark""] body | 966: :root[data-theme=""dark""] .spaces-page, :root[data-theme=""dark""] .space-channel-view | 1124: :root:is([data-theme], :not([data-theme])) body",""
"123","123",".space-channel-header","0,1,0","","125: .space-channel-header > div | 129: .space-channel-header > div > span",""
"124","124",".space-channel-header","0,1,0","","125: .space-channel-header > div | 129: .space-channel-header > div > span",""
"125","125",".space-channel-header > div","0,1,1","123: .space-channel-header | 124: .space-channel-header","126: .space-channel-header > .space-channel-actions | 129: .space-channel-header > div > span",""
"126","126",".space-channel-header > .space-channel-actions","0,2,0","125: .space-channel-header > div","127: .space-channel-header > div:first-child | 131: .space-channel-actions",""
"127","127",".space-channel-header > div:first-child","0,2,1","126: .space-channel-header > .space-channel-actions","",""
"128","128",".space-channel-header > div > small","0,1,2","","",""
"129","129",".space-channel-header > div > span","0,1,2","123: .space-channel-header | 124: .space-channel-header | 125: .space-channel-header > div","130: .space-channel-header small | 923: :root[data-theme=""dark""] body | 975: :root[data-theme=""dark""] .spaces-topbar h1, :root[data-theme=""dark""] .spaces-intro h2, :root[data-theme=""dark""] .spaces-list h2, :root[data-theme=""dark""] .space-channel-header > div > span, :root[data-theme=""dark""] .space-messages-empty strong, :root[data-theme=""dark""] .space-message-heading strong, :root[data-theme=""dark""] .space-list-card strong | 1127: :root:is([data-theme], :not([data-theme])) .conversation-header, :root:is([data-theme], :not([data-theme])) .message-composer, :root:is([data-theme], :not([data-theme])) .search-box, :root:is([data-theme], :not([data-theme])) .inbox-filters, :root:is([data-theme], :not([data-theme])) .spaces-intro, :root:is([data-theme], :not([data-theme])) .spaces-list, :root:is([data-theme], :not([data-theme])) .space-channel-header | 1131: :root:is([data-theme], :not([data-theme])) .story-copy h1, :root:is([data-theme], :not([data-theme])) .auth-panel h2, :root:is([data-theme], :not([data-theme])) .account-dialog h2, :root:is([data-theme], :not([data-theme])) .pane-heading h1, :root:is([data-theme], :not([data-theme])) .conversation-heading, :root:is([data-theme], :not([data-theme])) .chat-row-copy strong, :root:is([data-theme], :not([data-theme])) .welcome-content h2, :root:is([data-theme], :not([data-theme])) .space-server-header strong, :root:is([data-theme], :not([data-theme])) .space-channel-header > div > span, :root:is([data-theme], :not([data-theme])) .spaces-intro h2, :root:is([data-theme], :not([data-theme])) .spaces-list h2, :root:is([data-theme], :not([data-theme])) .profile-form label > span, :root:is([data-theme], :not([data-theme])) .auth-form label > span",""
"130","130",".space-channel-header small","0,1,1","129: .space-channel-header > div > span","923: :root[data-theme=""dark""] body | 975: :root[data-theme=""dark""] .spaces-topbar h1, :root[data-theme=""dark""] .spaces-intro h2, :root[data-theme=""dark""] .spaces-list h2, :root[data-theme=""dark""] .space-channel-header > div > span, :root[data-theme=""dark""] .space-messages-empty strong, :root[data-theme=""dark""] .space-message-heading strong, :root[data-theme=""dark""] .space-list-card strong | 1127: :root:is([data-theme], :not([data-theme])) .conversation-header, :root:is([data-theme], :not([data-theme])) .message-composer, :root:is([data-theme], :not([data-theme])) .search-box, :root:is([data-theme], :not([data-theme])) .inbox-filters, :root:is([data-theme], :not([data-theme])) .spaces-intro, :root:is([data-theme], :not([data-theme])) .spaces-list, :root:is([data-theme], :not([data-theme])) .space-channel-header | 1131: :root:is([data-theme], :not([data-theme])) .story-copy h1, :root:is([data-theme], :not([data-theme])) .auth-panel h2, :root:is([data-theme], :not([data-theme])) .account-dialog h2, :root:is([data-theme], :not([data-theme])) .pane-heading h1, :root:is([data-theme], :not([data-theme])) .conversation-heading, :root:is([data-theme], :not([data-theme])) .chat-row-copy strong, :root:is([data-theme], :not([data-theme])) .welcome-content h2, :root:is([data-theme], :not([data-theme])) .space-server-header strong, :root:is([data-theme], :not([data-theme])) .space-channel-header > div > span, :root:is([data-theme], :not([data-theme])) .spaces-intro h2, :root:is([data-theme], :not([data-theme])) .spaces-list h2, :root:is([data-theme], :not([data-theme])) .profile-form label > span, :root:is([data-theme], :not([data-theme])) .auth-form label > span",""
"131","131",".space-channel-actions","0,1,0","126: .space-channel-header > .space-channel-actions","669: .space-channel-actions",""
"132","132",".space-topic-edit","0,1,0","","134: .space-topic-edit:hover | 670: .space-topic-edit | 671: .space-topic-edit | 923: :root[data-theme=""dark""] body | 990: :root[data-theme=""dark""] .space-topic-edit | 991: :root[data-theme=""dark""] .space-topic-edit:hover | 1124: :root:is([data-theme], :not([data-theme])) body",""
"133","133",".space-topic-edit","0,1,0","","",""
"134","134",".space-topic-edit:hover","0,2,0","132: .space-topic-edit","923: :root[data-theme=""dark""] body | 990: :root[data-theme=""dark""] .space-topic-edit | 991: :root[data-theme=""dark""] .space-topic-edit:hover | 1124: :root:is([data-theme], :not([data-theme])) body",""
"135","135",".space-add-category","0,1,0","","136: .space-add-category:hover | 923: :root[data-theme=""dark""] body | 1124: :root:is([data-theme], :not([data-theme])) body",""
"136","136",".space-add-category:hover","0,2,0","135: .space-add-category","923: :root[data-theme=""dark""] body | 1124: :root:is([data-theme], :not([data-theme])) body",""
"137","137",".space-message-list","0,1,0","","667: .space-message-list",""
"138","138",".legacy-history-inline","0,1,0","","139: .legacy-history-inline > header | 140: .legacy-history-inline > header strong | 142: .legacy-history-inline > header button",""
"139","139",".legacy-history-inline > header","0,1,1","138: .legacy-history-inline","140: .legacy-history-inline > header strong",""
"140","140",".legacy-history-inline > header strong","0,1,2","138: .legacy-history-inline | 139: .legacy-history-inline > header","141: .legacy-history-inline > header p | 142: .legacy-history-inline > header button | 923: :root[data-theme=""dark""] body | 981: :root[data-theme=""dark""] .legacy-history-inline > header strong",""
"141","141",".legacy-history-inline > header p","0,1,2","140: .legacy-history-inline > header strong","142: .legacy-history-inline > header button | 923: :root[data-theme=""dark""] body | 981: :root[data-theme=""dark""] .legacy-history-inline > header strong",""
"142","142",".legacy-history-inline > header button","0,1,2","138: .legacy-history-inline | 140: .legacy-history-inline > header strong | 141: .legacy-history-inline > header p","143: .legacy-history-inline > header button:disabled | 923: :root[data-theme=""dark""] body | 981: :root[data-theme=""dark""] .legacy-history-inline > header strong | 1124: :root:is([data-theme], :not([data-theme])) body",""
"143","143",".legacy-history-inline > header button:disabled","0,2,2","142: .legacy-history-inline > header button","",""
"144","144",".legacy-history-status","0,1,0","","923: :root[data-theme=""dark""] body",""
"145","145",".legacy-space-message","0,1,0","","",""
"146","146",".legacy-space-message .message-attachment","0,2,0","","761: .message-attachment",""
"147","147",".legacy-space-message .message-reactions > span","0,2,1","","546: .message-reactions | 547: .message-reactions button | 548: .message-reactions button[aria-pressed=""true""] | 923: :root[data-theme=""dark""] body | 953: :root[data-theme=""dark""] .message-reactions button | 954: :root[data-theme=""dark""] .message-reactions button[aria-pressed=""true""], :root[data-theme=""dark""] .message-actions button.message-pin-active | 1124: :root:is([data-theme], :not([data-theme])) body",""
"148","148",".space-channel-after-history","0,1,0","","923: :root[data-theme=""dark""] body",""
"149","149",".group-space-upgrade > p","0,1,1","","923: :root[data-theme=""dark""] body",""
"150","150",".group-space-upgrade-dialog","0,1,0","","",""
"151","151",".group-space-upgrade-notice","0,1,0","","923: :root[data-theme=""dark""] body | 980: :root[data-theme=""dark""] .group-space-upgrade-notice | 1124: :root:is([data-theme], :not([data-theme])) body",""
"152","152",".group-space-upgrade-notice strong","0,1,1","","153: .group-space-upgrade-notice p",""
"153","153",".group-space-upgrade-notice p","0,1,1","152: .group-space-upgrade-notice strong","",""
"154","154",".group-space-channel-input","0,1,0","","",""
"155","155",".group-space-channel-input > span","0,1,1","","923: :root[data-theme=""dark""] body",""
"156","156",".group-space-channel-input input","0,1,1","","",""
"157","157",".space-messages-empty","0,1,0","","158: .space-messages-empty strong | 159: .space-messages-empty p | 923: :root[data-theme=""dark""] body | 975: :root[data-theme=""dark""] .spaces-topbar h1, :root[data-theme=""dark""] .spaces-intro h2, :root[data-theme=""dark""] .spaces-list h2, :root[data-theme=""dark""] .space-channel-header > div > span, :root[data-theme=""dark""] .space-messages-empty strong, :root[data-theme=""dark""] .space-message-heading strong, :root[data-theme=""dark""] .space-list-card strong",""
"158","158",".space-messages-empty strong","0,1,1","157: .space-messages-empty","159: .space-messages-empty p | 923: :root[data-theme=""dark""] body | 975: :root[data-theme=""dark""] .spaces-topbar h1, :root[data-theme=""dark""] .spaces-intro h2, :root[data-theme=""dark""] .spaces-list h2, :root[data-theme=""dark""] .space-channel-header > div > span, :root[data-theme=""dark""] .space-messages-empty strong, :root[data-theme=""dark""] .space-message-heading strong, :root[data-theme=""dark""] .space-list-card strong",""
"159","159",".space-messages-empty p","0,1,1","157: .space-messages-empty | 158: .space-messages-empty strong","923: :root[data-theme=""dark""] body | 975: :root[data-theme=""dark""] .spaces-topbar h1, :root[data-theme=""dark""] .spaces-intro h2, :root[data-theme=""dark""] .spaces-list h2, :root[data-theme=""dark""] .space-channel-header > div > span, :root[data-theme=""dark""] .space-messages-empty strong, :root[data-theme=""dark""] .space-message-heading strong, :root[data-theme=""dark""] .space-list-card strong",""
"160","160",".space-message","0,1,0","","",""
"161","161",".space-message-heading","0,1,0","","",""
"162","162",".space-message-heading strong","0,1,1","","163: .space-message-heading small | 923: :root[data-theme=""dark""] body | 975: :root[data-theme=""dark""] .spaces-topbar h1, :root[data-theme=""dark""] .spaces-intro h2, :root[data-theme=""dark""] .spaces-list h2, :root[data-theme=""dark""] .space-channel-header > div > span, :root[data-theme=""dark""] .space-messages-empty strong, :root[data-theme=""dark""] .space-message-heading strong, :root[data-theme=""dark""] .space-list-card strong",""
"163","163",".space-message-heading small","0,1,1","162: .space-message-heading strong","923: :root[data-theme=""dark""] body | 975: :root[data-theme=""dark""] .spaces-topbar h1, :root[data-theme=""dark""] .spaces-intro h2, :root[data-theme=""dark""] .spaces-list h2, :root[data-theme=""dark""] .space-channel-header > div > span, :root[data-theme=""dark""] .space-messages-empty strong, :root[data-theme=""dark""] .space-message-heading strong, :root[data-theme=""dark""] .space-list-card strong",""
"164","164",".space-message p","0,1,1","","923: :root[data-theme=""dark""] body | 978: :root[data-theme=""dark""] .spaces-create-form > label, :root[data-theme=""dark""] .space-message p",""
"165","165",".space-message-composer","0,1,0","","166: .space-message-composer:focus-within | 167: .space-message-composer textarea | 673: .space-message-composer | 674: .space-message-composer textarea | 923: :root[data-theme=""dark""] body | 967: :root[data-theme=""dark""] .space-message-composer | 968: :root[data-theme=""dark""] .space-message-composer:focus-within | 1070: 50% | 1124: :root:is([data-theme], :not([data-theme])) body",""
"166","166",".space-message-composer:focus-within","0,2,0","165: .space-message-composer","967: :root[data-theme=""dark""] .space-message-composer | 968: :root[data-theme=""dark""] .space-message-composer:focus-within | 1070: 50%",""
"167","167",".space-message-composer textarea","0,1,1","165: .space-message-composer","168: .space-message-composer textarea::placeholder | 551: 0%, 45% | 673: .space-message-composer | 674: .space-message-composer textarea | 751: :where(button, a, input, textarea, select, [tabindex]):focus-visible | 923: :root[data-theme=""dark""] body | 967: :root[data-theme=""dark""] .space-message-composer | 969: :root[data-theme=""dark""] .space-message-composer textarea::placeholder | 1124: :root:is([data-theme], :not([data-theme])) body",""
"168","168",".space-message-composer textarea::placeholder","0,1,2","167: .space-message-composer textarea","210: .space-message-composer textarea:disabled | 923: :root[data-theme=""dark""] body | 967: :root[data-theme=""dark""] .space-message-composer | 969: :root[data-theme=""dark""] .space-message-composer textarea::placeholder",""
"169","169",".space-composer-toolbar","0,1,0","","675: .space-composer-toolbar",""
"170","170",".space-composer-tools","0,1,0","","",""
"171","171",".space-mention-toggle","0,1,0","","172: .space-mention-toggle:hover:not(:disabled), .space-mention-toggle[aria-expanded=""true""] | 174: .space-mention-toggle:disabled | 676: .space-mention-toggle | 923: :root[data-theme=""dark""] body | 971: :root[data-theme=""dark""] .space-mention-toggle | 972: :root[data-theme=""dark""] .space-mention-toggle:hover:not(:disabled), :root[data-theme=""dark""] .space-mention-toggle[aria-expanded=""true""] | 1011: :root[data-theme=""dark""] .space-mention-toggle | 1124: :root:is([data-theme], :not([data-theme])) body",""
"172","172",".space-mention-toggle:hover:not(:disabled), .space-mention-toggle[aria-expanded=""true""]","0,3,0 / 0,2,0","171: .space-mention-toggle","923: :root[data-theme=""dark""] body | 971: :root[data-theme=""dark""] .space-mention-toggle | 972: :root[data-theme=""dark""] .space-mention-toggle:hover:not(:disabled), :root[data-theme=""dark""] .space-mention-toggle[aria-expanded=""true""] | 1011: :root[data-theme=""dark""] .space-mention-toggle | 1124: :root:is([data-theme], :not([data-theme])) body",""
"173","173",".space-mention-toggle:active:not(:disabled)","0,3,0","","895: to | 1027: to",""
"174","174",".space-mention-toggle:disabled","0,2,0","171: .space-mention-toggle","",""
"175","175",".space-send-button","0,1,0","","176: .space-send-button:hover:not(:disabled) | 177: .space-send-button:disabled | 677: .space-send-button | 678: .space-send-button span | 923: :root[data-theme=""dark""] body | 973: :root[data-theme=""dark""] .space-send-button:disabled | 1070: 50% | 1124: :root:is([data-theme], :not([data-theme])) body",""
"176","176",".space-send-button:hover:not(:disabled)","0,3,0","175: .space-send-button","177: .space-send-button:disabled | 895: to | 923: :root[data-theme=""dark""] body | 973: :root[data-theme=""dark""] .space-send-button:disabled | 1027: to | 1070: 50% | 1124: :root:is([data-theme], :not([data-theme])) body",""
"177","177",".space-send-button:disabled","0,2,0","175: .space-send-button | 176: .space-send-button:hover:not(:disabled)","923: :root[data-theme=""dark""] body | 973: :root[data-theme=""dark""] .space-send-button:disabled | 1070: 50% | 1124: :root:is([data-theme], :not([data-theme])) body",""
"178","178",".space-composer-note","0,1,0","","923: :root[data-theme=""dark""] body | 970: :root[data-theme=""dark""] .space-composer-note",""
"179","179",".space-mention-menu","0,1,0","","180: .space-mention-menu button | 181: .space-mention-menu button:hover | 923: :root[data-theme=""dark""] body | 1012: :root[data-theme=""dark""] .space-mention-menu | 1013: :root[data-theme=""dark""] .space-mention-menu button:hover | 1070: 50% | 1124: :root:is([data-theme], :not([data-theme])) body",""
"180","180",".space-mention-menu button","0,1,1","179: .space-mention-menu","181: .space-mention-menu button:hover | 183: .space-mention-menu button small, .space-mention-menu > small | 923: :root[data-theme=""dark""] body | 1012: :root[data-theme=""dark""] .space-mention-menu | 1013: :root[data-theme=""dark""] .space-mention-menu button:hover | 1124: :root:is([data-theme], :not([data-theme])) body",""
"181","181",".space-mention-menu button:hover","0,2,1","179: .space-mention-menu | 180: .space-mention-menu button","923: :root[data-theme=""dark""] body | 1012: :root[data-theme=""dark""] .space-mention-menu | 1013: :root[data-theme=""dark""] .space-mention-menu button:hover | 1124: :root:is([data-theme], :not([data-theme])) body",""
"182","182",".space-mention-menu button strong","0,1,2","","183: .space-mention-menu button small, .space-mention-menu > small",""
"183","183",".space-mention-menu button small, .space-mention-menu > small","0,1,2 / 0,1,1","180: .space-mention-menu button | 182: .space-mention-menu button strong","923: :root[data-theme=""dark""] body",""
"184","184",".space-message-mention","0,1,0","","923: :root[data-theme=""dark""] body | 1014: :root[data-theme=""dark""] .space-message-mention | 1124: :root:is([data-theme], :not([data-theme])) body",""
"185","185",".space-message.has-everyone-mention","0,2,0","","266: .space-message.is-update-target | 923: :root[data-theme=""dark""] body | 1015: :root[data-theme=""dark""] .space-message.has-everyone-mention | 1124: :root:is([data-theme], :not([data-theme])) body",""
"186","186",".space-message.is-mentioned","0,2,0","","266: .space-message.is-update-target | 551: 0%, 45% | 751: :where(button, a, input, textarea, select, [tabindex]):focus-visible",""
"187","187",".space-mention-notice","0,1,0","","188: .space-mention-notice button | 923: :root[data-theme=""dark""] body | 1016: :root[data-theme=""dark""] .space-mention-notice | 1124: :root:is([data-theme], :not([data-theme])) body",""
"188","188",".space-mention-notice button","0,1,1","187: .space-mention-notice","923: :root[data-theme=""dark""] body | 1016: :root[data-theme=""dark""] .space-mention-notice | 1124: :root:is([data-theme], :not([data-theme])) body",""
"189","189",".space-voice-welcome","0,1,0","","190: .space-voice-welcome > span | 193: .space-voice-welcome .primary-button",""
"190","190",".space-voice-welcome > span","0,1,1","189: .space-voice-welcome","191: .space-voice-welcome > strong | 192: .space-voice-welcome > p | 193: .space-voice-welcome .primary-button | 923: :root[data-theme=""dark""] body | 1017: :root[data-theme=""dark""] .space-voice-welcome > span | 1124: :root:is([data-theme], :not([data-theme])) body",""
"191","191",".space-voice-welcome > strong","0,1,1","190: .space-voice-welcome > span","192: .space-voice-welcome > p | 193: .space-voice-welcome .primary-button | 923: :root[data-theme=""dark""] body | 1017: :root[data-theme=""dark""] .space-voice-welcome > span",""
"192","192",".space-voice-welcome > p","0,1,1","190: .space-voice-welcome > span | 191: .space-voice-welcome > strong","193: .space-voice-welcome .primary-button | 923: :root[data-theme=""dark""] body | 1017: :root[data-theme=""dark""] .space-voice-welcome > span",""
"193","193",".space-voice-welcome .primary-button","0,2,0","48: .primary-button | 51: .primary-button span | 189: .space-voice-welcome | 190: .space-voice-welcome > span | 191: .space-voice-welcome > strong | 192: .space-voice-welcome > p","436: .group-invite .primary-button | 484: .service-error .primary-button | 747: .chat-details-screen .group-invite .primary-button | 1093: .space-search-input .primary-button | 1107: .space-file-panel-actions .primary-button",""
"194","194",".space-no-channel","0,1,0","","923: :root[data-theme=""dark""] body",""
"195","195",".space-dialog-overlay","0,1,0","","",""
"196","196",".space-dialog","0,1,0","","",""
"197","197",".space-dialog-copy","0,1,0","","198: .space-dialog-copy strong | 923: :root[data-theme=""dark""] body | 979: :root[data-theme=""dark""] .spaces-create-hint strong, :root[data-theme=""dark""] .space-dialog-copy strong",""
"198","198",".space-dialog-copy strong","0,1,1","197: .space-dialog-copy","923: :root[data-theme=""dark""] body | 979: :root[data-theme=""dark""] .spaces-create-hint strong, :root[data-theme=""dark""] .space-dialog-copy strong",""
"199","199",".space-channel-name-hint","0,1,0","","923: :root[data-theme=""dark""] body",""
"200","200",".space-permission-fixed","0,1,0","","201: .space-permission-fixed span | 240: .space-permission-fixed | 241: .space-permission-fixed > span | 923: :root[data-theme=""dark""] body | 996: :root[data-theme=""dark""] .space-permission-fixed | 1124: :root:is([data-theme], :not([data-theme])) body",""
"201","201",".space-permission-fixed span","0,1,1","200: .space-permission-fixed","923: :root[data-theme=""dark""] body",""
"202","202",".space-dialog-members","0,1,0","","203: .space-dialog-members > div, .space-dialog-members > div > span | 205: .space-dialog-members > div > span | 233: .space-settings-content .space-dialog-members",""
"203","203",".space-dialog-members > div, .space-dialog-members > div > span","0,1,1 / 0,1,2","202: .space-dialog-members","205: .space-dialog-members > div > span",""
"204","204",".space-dialog-members > div","0,1,1","","205: .space-dialog-members > div > span",""
"205","205",".space-dialog-members > div > span","0,1,2","202: .space-dialog-members | 203: .space-dialog-members > div, .space-dialog-members > div > span | 204: .space-dialog-members > div","",""
"206","206",".space-dialog-members strong","0,1,1","","207: .space-dialog-members small | 923: :root[data-theme=""dark""] body",""
"207","207",".space-dialog-members small","0,1,1","206: .space-dialog-members strong","923: :root[data-theme=""dark""] body",""
"208","208",".space-invite-dialog-form","0,1,0","","",""
"209","209",".space-invite-dialog-form .space-channel-grants","0,2,0","","",""
"210","210",".space-message-composer textarea:disabled","0,2,1","168: .space-message-composer textarea::placeholder","",""
"211","211",".space-detail-error","0,1,0","","923: :root[data-theme=""dark""] body | 1124: :root:is([data-theme], :not([data-theme])) body",""
"212","212",".space-channel-row","0,1,0","","214: .space-channel-row .space-channel",""
"213","213",".space-channel-row.is-active","0,2,0","113: .space-channel:hover, .space-channel.is-active","215: .space-channel-row .space-channel:hover, .space-channel-row.is-active .space-channel | 226: .space-settings-nav button:hover, .space-settings-nav button.is-active | 237: .space-channel-settings-tabs button:hover, .space-channel-settings-tabs button.is-active | 306: .updates-filters button:hover, .updates-filters button.is-active | 923: :root[data-theme=""dark""] body | 977: :root[data-theme=""dark""] .spaces-intro, :root[data-theme=""dark""] .spaces-list, :root[data-theme=""dark""] .space-sidebar, :root[data-theme=""dark""] .space-list-card:hover, :root[data-theme=""dark""] .space-channel:hover, :root[data-theme=""dark""] .space-channel.is-active | 984: :root[data-theme=""dark""] .space-channel:hover, :root[data-theme=""dark""] .space-channel.is-active | 994: :root[data-theme=""dark""] .space-settings-nav button:hover, :root[data-theme=""dark""] .space-settings-nav button.is-active, :root[data-theme=""dark""] .space-channel-settings-tabs button:hover, :root[data-theme=""dark""] .space-channel-settings-tabs button.is-active, :root[data-theme=""dark""] .space-channel-row.is-active | 1002: :root[data-theme=""dark""] .updates-search button, :root[data-theme=""dark""] .updates-filters button.is-active | 1124: :root:is([data-theme], :not([data-theme])) body | 1141: :root:is([data-theme], :not([data-theme])) .rail-item-active, :root:is([data-theme], :not([data-theme])) .chat-list-item.selected, :root:is([data-theme], :not([data-theme])) .inbox-filters button.filter-active, :root:is([data-theme], :not([data-theme])) .username-match.is-selected, :root:is([data-theme], :not([data-theme])) .mobile-bottom-nav button[aria-current=""page""], :root:is([data-theme], :not([data-theme])) .space-channel.is-active",""
"214","214",".space-channel-row .space-channel","0,2,0","112: .space-channel span | 212: .space-channel-row","655: .space-channel svg | 656: .space-channel span",""
"215","215",".space-channel-row .space-channel:hover, .space-channel-row.is-active .space-channel","0,3,0 / 0,3,0","111: .space-channel | 113: .space-channel:hover, .space-channel.is-active | 213: .space-channel-row.is-active","226: .space-settings-nav button:hover, .space-settings-nav button.is-active | 237: .space-channel-settings-tabs button:hover, .space-channel-settings-tabs button.is-active | 306: .updates-filters button:hover, .updates-filters button.is-active | 923: :root[data-theme=""dark""] body | 977: :root[data-theme=""dark""] .spaces-intro, :root[data-theme=""dark""] .spaces-list, :root[data-theme=""dark""] .space-sidebar, :root[data-theme=""dark""] .space-list-card:hover, :root[data-theme=""dark""] .space-channel:hover, :root[data-theme=""dark""] .space-channel.is-active | 984: :root[data-theme=""dark""] .space-channel:hover, :root[data-theme=""dark""] .space-channel.is-active | 994: :root[data-theme=""dark""] .space-settings-nav button:hover, :root[data-theme=""dark""] .space-settings-nav button.is-active, :root[data-theme=""dark""] .space-channel-settings-tabs button:hover, :root[data-theme=""dark""] .space-channel-settings-tabs button.is-active, :root[data-theme=""dark""] .space-channel-row.is-active | 1002: :root[data-theme=""dark""] .updates-search button, :root[data-theme=""dark""] .updates-filters button.is-active | 1124: :root:is([data-theme], :not([data-theme])) body | 1141: :root:is([data-theme], :not([data-theme])) .rail-item-active, :root:is([data-theme], :not([data-theme])) .chat-list-item.selected, :root:is([data-theme], :not([data-theme])) .inbox-filters button.filter-active, :root:is([data-theme], :not([data-theme])) .username-match.is-selected, :root:is([data-theme], :not([data-theme])) .mobile-bottom-nav button[aria-current=""page""], :root:is([data-theme], :not([data-theme])) .space-channel.is-active",""
"216","216",".space-channel-settings","0,1,0","","217: .space-channel-row:hover .space-channel-settings, .space-channel-settings:focus-visible | 218: .space-channel-settings:hover | 657: .space-channel-settings | 923: :root[data-theme=""dark""] body | 1124: :root:is([data-theme], :not([data-theme])) body",""
"217","217",".space-channel-row:hover .space-channel-settings, .space-channel-settings:focus-visible","0,3,0 / 0,2,0","216: .space-channel-settings","657: .space-channel-settings",""
"218","218",".space-channel-settings:hover","0,2,0","216: .space-channel-settings","923: :root[data-theme=""dark""] body | 1124: :root:is([data-theme], :not([data-theme])) body",""
"219","219",".space-settings-dialog","0,1,0","","660: .space-settings-dialog",""
"220","220",".space-settings-header","0,1,0","","661: .space-settings-header",""
"221","221",".space-settings-header h2","0,1,1","","",""
"222","222",".space-settings-header .eyebrow","0,2,0","13: .eyebrow | 14: .story-copy .eyebrow | 67: .spaces-topbar .eyebrow","297: .updates-header .eyebrow | 483: .service-error > p:not(.eyebrow) | 793: .calls-home-content .eyebrow | 795: .calls-home-content > p:not(.eyebrow) | 812: .call-dialog-header .eyebrow | 840: .voice-room-dialog .call-dialog-header .eyebrow | 923: :root[data-theme=""dark""] body | 927: :root[data-theme=""dark""] .story-copy h1, :root[data-theme=""dark""] .story-copy h1 em, :root[data-theme=""dark""] .story-copy .eyebrow, :root[data-theme=""dark""] .story-subtitle, :root[data-theme=""dark""] .story-note | 1133: :root:is([data-theme], :not([data-theme])) .eyebrow, :root:is([data-theme], :not([data-theme])) .story-copy .eyebrow, :root:is([data-theme], :not([data-theme])) .story-subtitle, :root:is([data-theme], :not([data-theme])) .story-note, :root:is([data-theme], :not([data-theme])) .form-intro, :root:is([data-theme], :not([data-theme])) .auth-form label small, :root:is([data-theme], :not([data-theme])) .auth-switch, :root:is([data-theme], :not([data-theme])) .privacy-note, :root:is([data-theme], :not([data-theme])) .username-input > span, :root:is([data-theme], :not([data-theme])) .chat-row-copy small, :root:is([data-theme], :not([data-theme])) .chat-row-meta, :root:is([data-theme], :not([data-theme])) .list-section-label, :root:is([data-theme], :not([data-theme])) .inbox-footnote, :root:is([data-theme], :not([data-theme])) .empty-title, :root:is([data-theme], :not([data-theme])) .composer-hint, :root:is([data-theme], :not([data-theme])) .message-time, :root:is([data-theme], :not([data-theme])) .message-edited, :root:is([data-theme], :not([data-theme])) .message-meta strong, :root:is([data-theme], :not([data-theme])) .conversation-identity-button, :root:is([data-theme], :not([data-theme])) .profile-avatar-actions > span",""
"223","223",".space-settings-layout","0,1,0","","329: .space-settings-layout | 662: .space-settings-layout",""
"224","224",".space-settings-nav","0,1,0","","225: .space-settings-nav button | 226: .space-settings-nav button:hover, .space-settings-nav button.is-active | 330: .space-settings-nav | 663: .space-settings-nav | 923: :root[data-theme=""dark""] body | 993: :root[data-theme=""dark""] .space-settings-nav | 994: :root[data-theme=""dark""] .space-settings-nav button:hover, :root[data-theme=""dark""] .space-settings-nav button.is-active, :root[data-theme=""dark""] .space-channel-settings-tabs button:hover, :root[data-theme=""dark""] .space-channel-settings-tabs button.is-active, :root[data-theme=""dark""] .space-channel-row.is-active | 1124: :root:is([data-theme], :not([data-theme])) body",""
"225","225",".space-settings-nav button","0,1,1","224: .space-settings-nav","226: .space-settings-nav button:hover, .space-settings-nav button.is-active | 330: .space-settings-nav | 663: .space-settings-nav | 923: :root[data-theme=""dark""] body | 993: :root[data-theme=""dark""] .space-settings-nav | 994: :root[data-theme=""dark""] .space-settings-nav button:hover, :root[data-theme=""dark""] .space-settings-nav button.is-active, :root[data-theme=""dark""] .space-channel-settings-tabs button:hover, :root[data-theme=""dark""] .space-channel-settings-tabs button.is-active, :root[data-theme=""dark""] .space-channel-row.is-active | 1124: :root:is([data-theme], :not([data-theme])) body",""
"226","226",".space-settings-nav button:hover, .space-settings-nav button.is-active","0,2,1 / 0,2,1","113: .space-channel:hover, .space-channel.is-active | 213: .space-channel-row.is-active | 215: .space-channel-row .space-channel:hover, .space-channel-row.is-active .space-channel | 224: .space-settings-nav | 225: .space-settings-nav button","237: .space-channel-settings-tabs button:hover, .space-channel-settings-tabs button.is-active | 306: .updates-filters button:hover, .updates-filters button.is-active | 923: :root[data-theme=""dark""] body | 977: :root[data-theme=""dark""] .spaces-intro, :root[data-theme=""dark""] .spaces-list, :root[data-theme=""dark""] .space-sidebar, :root[data-theme=""dark""] .space-list-card:hover, :root[data-theme=""dark""] .space-channel:hover, :root[data-theme=""dark""] .space-channel.is-active | 984: :root[data-theme=""dark""] .space-channel:hover, :root[data-theme=""dark""] .space-channel.is-active | 993: :root[data-theme=""dark""] .space-settings-nav | 994: :root[data-theme=""dark""] .space-settings-nav button:hover, :root[data-theme=""dark""] .space-settings-nav button.is-active, :root[data-theme=""dark""] .space-channel-settings-tabs button:hover, :root[data-theme=""dark""] .space-channel-settings-tabs button.is-active, :root[data-theme=""dark""] .space-channel-row.is-active | 1002: :root[data-theme=""dark""] .updates-search button, :root[data-theme=""dark""] .updates-filters button.is-active | 1124: :root:is([data-theme], :not([data-theme])) body | 1141: :root:is([data-theme], :not([data-theme])) .rail-item-active, :root:is([data-theme], :not([data-theme])) .chat-list-item.selected, :root:is([data-theme], :not([data-theme])) .inbox-filters button.filter-active, :root:is([data-theme], :not([data-theme])) .username-match.is-selected, :root:is([data-theme], :not([data-theme])) .mobile-bottom-nav button[aria-current=""page""], :root:is([data-theme], :not([data-theme])) .space-channel.is-active",""
"227","227",".space-settings-nav button small","0,1,2","","",""
"228","228",".space-settings-content","0,1,0","","332: .space-settings-content | 665: .space-settings-content",""
"229","229",".space-settings-section-heading","0,1,0","","",""
"230","230",".space-settings-section-heading h3","0,1,1","","231: .space-settings-section-heading p | 923: :root[data-theme=""dark""] body",""
"231","231",".space-settings-section-heading p","0,1,1","230: .space-settings-section-heading h3","923: :root[data-theme=""dark""] body",""
"232","232",".space-settings-content .profile-form","0,2,0","","",""
"233","233",".space-settings-content .space-dialog-members","0,2,0","202: .space-dialog-members","",""
"234","234",".space-channel-settings-dialog","0,1,0","","",""
"235","235",".space-channel-settings-tabs","0,1,0","","",""
"236","236",".space-channel-settings-tabs button","0,1,1","","237: .space-channel-settings-tabs button:hover, .space-channel-settings-tabs button.is-active | 923: :root[data-theme=""dark""] body | 994: :root[data-theme=""dark""] .space-settings-nav button:hover, :root[data-theme=""dark""] .space-settings-nav button.is-active, :root[data-theme=""dark""] .space-channel-settings-tabs button:hover, :root[data-theme=""dark""] .space-channel-settings-tabs button.is-active, :root[data-theme=""dark""] .space-channel-row.is-active | 1124: :root:is([data-theme], :not([data-theme])) body",""
"237","237",".space-channel-settings-tabs button:hover, .space-channel-settings-tabs button.is-active","0,2,1 / 0,2,1","113: .space-channel:hover, .space-channel.is-active | 213: .space-channel-row.is-active | 215: .space-channel-row .space-channel:hover, .space-channel-row.is-active .space-channel | 226: .space-settings-nav button:hover, .space-settings-nav button.is-active | 236: .space-channel-settings-tabs button","306: .updates-filters button:hover, .updates-filters button.is-active | 923: :root[data-theme=""dark""] body | 977: :root[data-theme=""dark""] .spaces-intro, :root[data-theme=""dark""] .spaces-list, :root[data-theme=""dark""] .space-sidebar, :root[data-theme=""dark""] .space-list-card:hover, :root[data-theme=""dark""] .space-channel:hover, :root[data-theme=""dark""] .space-channel.is-active | 984: :root[data-theme=""dark""] .space-channel:hover, :root[data-theme=""dark""] .space-channel.is-active | 994: :root[data-theme=""dark""] .space-settings-nav button:hover, :root[data-theme=""dark""] .space-settings-nav button.is-active, :root[data-theme=""dark""] .space-channel-settings-tabs button:hover, :root[data-theme=""dark""] .space-channel-settings-tabs button.is-active, :root[data-theme=""dark""] .space-channel-row.is-active | 1002: :root[data-theme=""dark""] .updates-search button, :root[data-theme=""dark""] .updates-filters button.is-active | 1124: :root:is([data-theme], :not([data-theme])) body | 1141: :root:is([data-theme], :not([data-theme])) .rail-item-active, :root:is([data-theme], :not([data-theme])) .chat-list-item.selected, :root:is([data-theme], :not([data-theme])) .inbox-filters button.filter-active, :root:is([data-theme], :not([data-theme])) .username-match.is-selected, :root:is([data-theme], :not([data-theme])) .mobile-bottom-nav button[aria-current=""page""], :root:is([data-theme], :not([data-theme])) .space-channel.is-active",""
"238","238",".space-channel-type-card","0,1,0","","923: :root[data-theme=""dark""] body | 997: :root[data-theme=""dark""] .space-permission-table thead th, :root[data-theme=""dark""] .space-channel-type-card | 1124: :root:is([data-theme], :not([data-theme])) body",""
"239","239",".space-channel-type-card span","0,1,1","","923: :root[data-theme=""dark""] body",""
"240","240",".space-permission-fixed","0,1,0","200: .space-permission-fixed","",""
"241","241",".space-permission-fixed > span","0,1,1","200: .space-permission-fixed","",""
"242","242",".space-permission-table-wrap","0,1,0","","",""
"243","243",".space-permission-table","0,1,0","","244: .space-permission-table caption | 248: .space-permission-table td | 250: .space-permission-table input",""
"244","244",".space-permission-table caption","0,1,1","243: .space-permission-table","245: .space-permission-table th, .space-permission-table td | 246: .space-permission-table thead th | 247: .space-permission-table tbody th | 248: .space-permission-table td | 672: .space-permission-table th, .space-permission-table td | 923: :root[data-theme=""dark""] body",""
"245","245",".space-permission-table th, .space-permission-table td","0,1,1 / 0,1,1","244: .space-permission-table caption","246: .space-permission-table thead th | 672: .space-permission-table th, .space-permission-table td",""
"246","246",".space-permission-table thead th","0,1,2","244: .space-permission-table caption | 245: .space-permission-table th, .space-permission-table td","247: .space-permission-table tbody th | 923: :root[data-theme=""dark""] body | 997: :root[data-theme=""dark""] .space-permission-table thead th, :root[data-theme=""dark""] .space-channel-type-card | 1124: :root:is([data-theme], :not([data-theme])) body",""
"247","247",".space-permission-table tbody th","0,1,2","244: .space-permission-table caption | 246: .space-permission-table thead th","923: :root[data-theme=""dark""] body",""
"248","248",".space-permission-table td","0,1,1","243: .space-permission-table | 244: .space-permission-table caption","",""
"249","249",".space-permission-table td label","0,1,2","","251: .space-permission-table input:disabled",""
"250","250",".space-permission-table input","0,1,1","243: .space-permission-table","",""
"251","251",".space-permission-table input:disabled","0,2,1","249: .space-permission-table td label","",""
"252","252",".space-permission-note","0,1,0","","923: :root[data-theme=""dark""] body",""
"253","253",".space-object-menu","0,1,0","","254: .space-object-menu button | 255: .space-object-menu button:hover | 923: :root[data-theme=""dark""] body | 1008: :root[data-theme=""dark""] .space-object-menu | 1010: :root[data-theme=""dark""] .space-object-menu button:hover | 1070: 50% | 1124: :root:is([data-theme], :not([data-theme])) body | 1128: :root:is([data-theme], :not([data-theme])) .account-dialog, :root:is([data-theme], :not([data-theme])) .search-dialog, :root:is([data-theme], :not([data-theme])) .username-search-results, :root:is([data-theme], :not([data-theme])) .emoji-picker-popover, :root:is([data-theme], :not([data-theme])) .reaction-picker-popover, :root:is([data-theme], :not([data-theme])) .space-object-menu",""
"254","254",".space-object-menu button","0,1,1","253: .space-object-menu","255: .space-object-menu button:hover | 923: :root[data-theme=""dark""] body | 1008: :root[data-theme=""dark""] .space-object-menu | 1009: :root[data-theme=""dark""] .space-object-menu button | 1010: :root[data-theme=""dark""] .space-object-menu button:hover | 1124: :root:is([data-theme], :not([data-theme])) body | 1128: :root:is([data-theme], :not([data-theme])) .account-dialog, :root:is([data-theme], :not([data-theme])) .search-dialog, :root:is([data-theme], :not([data-theme])) .username-search-results, :root:is([data-theme], :not([data-theme])) .emoji-picker-popover, :root:is([data-theme], :not([data-theme])) .reaction-picker-popover, :root:is([data-theme], :not([data-theme])) .space-object-menu",""
"255","255",".space-object-menu button:hover","0,2,1","253: .space-object-menu | 254: .space-object-menu button","923: :root[data-theme=""dark""] body | 1008: :root[data-theme=""dark""] .space-object-menu | 1010: :root[data-theme=""dark""] .space-object-menu button:hover | 1124: :root:is([data-theme], :not([data-theme])) body | 1128: :root:is([data-theme], :not([data-theme])) .account-dialog, :root:is([data-theme], :not([data-theme])) .search-dialog, :root:is([data-theme], :not([data-theme])) .username-search-results, :root:is([data-theme], :not([data-theme])) .emoji-picker-popover, :root:is([data-theme], :not([data-theme])) .reaction-picker-popover, :root:is([data-theme], :not([data-theme])) .space-object-menu",""
"256","256",".space-object-dialog","0,1,0","","",""
"257","257",".space-object-options","0,1,0","","258: .space-object-options legend | 259: .space-object-options > div",""
"258","258",".space-object-options legend","0,1,1","257: .space-object-options","923: :root[data-theme=""dark""] body",""
"259","259",".space-object-options > div","0,1,1","257: .space-object-options","",""
"260","260",".space-object-options > div > label","0,1,2","","",""
"261","261",".space-object-options input","0,1,1","","",""
"262","262",".space-add-object-option","0,1,0","","923: :root[data-theme=""dark""] body | 1124: :root:is([data-theme], :not([data-theme])) body",""
"263","263",".space-message-pin","0,1,0","","264: .space-message:hover .space-message-pin, .space-message-pin:focus-visible | 265: .space-message-pin:hover | 923: :root[data-theme=""dark""] body | 1124: :root:is([data-theme], :not([data-theme])) body",""
"264","264",".space-message:hover .space-message-pin, .space-message-pin:focus-visible","0,3,0 / 0,2,0","263: .space-message-pin","",""
"265","265",".space-message-pin:hover","0,2,0","263: .space-message-pin","923: :root[data-theme=""dark""] body | 1124: :root:is([data-theme], :not([data-theme])) body",""
"266","266",".space-message.is-update-target","0,2,0","185: .space-message.has-everyone-mention | 186: .space-message.is-mentioned","551: 0%, 45% | 552: 100% | 751: :where(button, a, input, textarea, select, [tabindex]):focus-visible",""
"267","267",".shared-object-card","0,1,0","","294: .shared-object-card blockquote | 688: .shared-object-card | 923: :root[data-theme=""dark""] body | 999: :root[data-theme=""dark""] .updates-search, :root[data-theme=""dark""] .updates-live-call, :root[data-theme=""dark""] .updates-item, :root[data-theme=""dark""] .shared-object-card | 1007: :root[data-theme=""dark""] .shared-object-card blockquote | 1124: :root:is([data-theme], :not([data-theme])) body",""
"268","268",".shared-object-heading","0,1,0","","269: .shared-object-heading > span:nth-child(2)",""
"269","269",".shared-object-heading > span:nth-child(2)","0,2,1","268: .shared-object-heading","",""
"270","270",".shared-object-heading > span:nth-child(2) strong","0,2,2","","271: .shared-object-heading > span:nth-child(2) small | 923: :root[data-theme=""dark""] body",""
"271","271",".shared-object-heading > span:nth-child(2) small","0,2,2","270: .shared-object-heading > span:nth-child(2) strong","923: :root[data-theme=""dark""] body",""
"272","272",".shared-object-icon","0,1,0","","923: :root[data-theme=""dark""] body | 1006: :root[data-theme=""dark""] .shared-object-icon, :root[data-theme=""dark""] .updates-section > header > span | 1124: :root:is([data-theme], :not([data-theme])) body",""
"273","273",".shared-object-action","0,1,0","","274: .shared-object-action:hover | 923: :root[data-theme=""dark""] body | 1124: :root:is([data-theme], :not([data-theme])) body",""
"274","274",".shared-object-action:hover","0,2,0","273: .shared-object-action","923: :root[data-theme=""dark""] body | 1124: :root:is([data-theme], :not([data-theme])) body",""
"275","275",".shared-object-card h3","0,1,1","","294: .shared-object-card blockquote | 923: :root[data-theme=""dark""] body",""
"276","276",".shared-poll-options, .shared-checklist-items","0,1,0 / 0,1,0","","277: .shared-poll-options > label | 289: .shared-checklist-items > label | 290: .shared-checklist-items > label > span",""
"277","277",".shared-poll-options > label","0,1,1","276: .shared-poll-options, .shared-checklist-items","",""
"278","278",".shared-poll-options > label.is-selected","0,2,1","42: .username-match:hover, .username-match.is-selected","287: .shared-rsvp-actions button:hover, .shared-rsvp-actions button.is-selected | 923: :root[data-theme=""dark""] body | 1004: :root[data-theme=""dark""] .updates-empty, :root[data-theme=""dark""] .space-object-options, :root[data-theme=""dark""] .shared-poll-options > label | 1005: :root[data-theme=""dark""] .shared-poll-options > label.is-selected, :root[data-theme=""dark""] .shared-rsvp-actions button:hover, :root[data-theme=""dark""] .shared-rsvp-actions button.is-selected | 1124: :root:is([data-theme], :not([data-theme])) body | 1141: :root:is([data-theme], :not([data-theme])) .rail-item-active, :root:is([data-theme], :not([data-theme])) .chat-list-item.selected, :root:is([data-theme], :not([data-theme])) .inbox-filters button.filter-active, :root:is([data-theme], :not([data-theme])) .username-match.is-selected, :root:is([data-theme], :not([data-theme])) .mobile-bottom-nav button[aria-current=""page""], :root:is([data-theme], :not([data-theme])) .space-channel.is-active",""
"279","279",".shared-poll-options input, .shared-checklist-items input","0,1,1 / 0,1,1","","280: .shared-poll-options > label > span | 290: .shared-checklist-items > label > span | 293: .shared-checklist-items > label > svg",""
"280","280",".shared-poll-options > label > span","0,1,2","279: .shared-poll-options input, .shared-checklist-items input","281: .shared-poll-options > label > small",""
"281","281",".shared-poll-options > label > small","0,1,2","280: .shared-poll-options > label > span","923: :root[data-theme=""dark""] body | 1005: :root[data-theme=""dark""] .shared-poll-options > label.is-selected, :root[data-theme=""dark""] .shared-rsvp-actions button:hover, :root[data-theme=""dark""] .shared-rsvp-actions button.is-selected",""
"282","282",".shared-object-footer","0,1,0","","",""
"283","283",".shared-object-footer > small","0,1,1","","923: :root[data-theme=""dark""] body",""
"284","284",".shared-object-detail","0,1,0","","923: :root[data-theme=""dark""] body",""
"285","285",".shared-rsvp-actions","0,1,0","","286: .shared-rsvp-actions button",""
"286","286",".shared-rsvp-actions button","0,1,1","285: .shared-rsvp-actions","287: .shared-rsvp-actions button:hover, .shared-rsvp-actions button.is-selected | 923: :root[data-theme=""dark""] body | 1005: :root[data-theme=""dark""] .shared-poll-options > label.is-selected, :root[data-theme=""dark""] .shared-rsvp-actions button:hover, :root[data-theme=""dark""] .shared-rsvp-actions button.is-selected | 1124: :root:is([data-theme], :not([data-theme])) body",""
"287","287",".shared-rsvp-actions button:hover, .shared-rsvp-actions button.is-selected","0,2,1 / 0,2,1","42: .username-match:hover, .username-match.is-selected | 278: .shared-poll-options > label.is-selected | 286: .shared-rsvp-actions button","923: :root[data-theme=""dark""] body | 931: :root[data-theme=""dark""] .search-box, :root[data-theme=""dark""] .inbox-filters, :root[data-theme=""dark""] .icon-button, :root[data-theme=""dark""] .empty-symbol, :root[data-theme=""dark""] .chat-list-item:hover, :root[data-theme=""dark""] .chat-list-item.selected, :root[data-theme=""dark""] .inbox-filters button.filter-active, :root[data-theme=""dark""] .search-result:hover, :root[data-theme=""dark""] .search-result:focus-visible, :root[data-theme=""dark""] .username-match:hover, :root[data-theme=""dark""] .username-match.is-selected, :root[data-theme=""dark""] .call-history-item:hover, :root[data-theme=""dark""] .chat-details-back:hover, :root[data-theme=""dark""] .mobile-bottom-nav button[aria-current=""page""] | 1005: :root[data-theme=""dark""] .shared-poll-options > label.is-selected, :root[data-theme=""dark""] .shared-rsvp-actions button:hover, :root[data-theme=""dark""] .shared-rsvp-actions button.is-selected | 1124: :root:is([data-theme], :not([data-theme])) body | 1141: :root:is([data-theme], :not([data-theme])) .rail-item-active, :root:is([data-theme], :not([data-theme])) .chat-list-item.selected, :root:is([data-theme], :not([data-theme])) .inbox-filters button.filter-active, :root:is([data-theme], :not([data-theme])) .username-match.is-selected, :root:is([data-theme], :not([data-theme])) .mobile-bottom-nav button[aria-current=""page""], :root:is([data-theme], :not([data-theme])) .space-channel.is-active",""
"288","288",".shared-rsvp-actions button small","0,1,2","","",""
"289","289",".shared-checklist-items > label","0,1,1","276: .shared-poll-options, .shared-checklist-items","290: .shared-checklist-items > label > span",""
"290","290",".shared-checklist-items > label > span","0,1,2","276: .shared-poll-options, .shared-checklist-items | 279: .shared-poll-options input, .shared-checklist-items input | 289: .shared-checklist-items > label","291: .shared-checklist-items > label > span small | 292: .shared-checklist-items > label.is-done > span | 293: .shared-checklist-items > label > svg | 923: :root[data-theme=""dark""] body",""
"291","291",".shared-checklist-items > label > span small","0,1,3","290: .shared-checklist-items > label > span","292: .shared-checklist-items > label.is-done > span | 293: .shared-checklist-items > label > svg | 923: :root[data-theme=""dark""] body",""
"292","292",".shared-checklist-items > label.is-done > span","0,2,2","290: .shared-checklist-items > label > span | 291: .shared-checklist-items > label > span small","293: .shared-checklist-items > label > svg | 923: :root[data-theme=""dark""] body",""
"293","293",".shared-checklist-items > label > svg","0,1,2","279: .shared-poll-options input, .shared-checklist-items input | 290: .shared-checklist-items > label > span | 291: .shared-checklist-items > label > span small | 292: .shared-checklist-items > label.is-done > span","923: :root[data-theme=""dark""] body",""
"294","294",".shared-object-card blockquote","0,1,1","267: .shared-object-card | 275: .shared-object-card h3","688: .shared-object-card | 923: :root[data-theme=""dark""] body | 999: :root[data-theme=""dark""] .updates-search, :root[data-theme=""dark""] .updates-live-call, :root[data-theme=""dark""] .updates-item, :root[data-theme=""dark""] .shared-object-card | 1007: :root[data-theme=""dark""] .shared-object-card blockquote | 1124: :root:is([data-theme], :not([data-theme])) body",""
"295","295",".shared-object-completed","0,1,0","","923: :root[data-theme=""dark""] body",""
"296","296",".updates-header","0,1,0","","297: .updates-header .eyebrow | 298: .updates-header h1 | 299: .updates-header > div > p:last-child | 684: .updates-header",""
"297","297",".updates-header .eyebrow","0,2,0","13: .eyebrow | 14: .story-copy .eyebrow | 67: .spaces-topbar .eyebrow | 222: .space-settings-header .eyebrow | 296: .updates-header","298: .updates-header h1 | 299: .updates-header > div > p:last-child | 483: .service-error > p:not(.eyebrow) | 793: .calls-home-content .eyebrow | 795: .calls-home-content > p:not(.eyebrow) | 812: .call-dialog-header .eyebrow | 840: .voice-room-dialog .call-dialog-header .eyebrow | 923: :root[data-theme=""dark""] body | 927: :root[data-theme=""dark""] .story-copy h1, :root[data-theme=""dark""] .story-copy h1 em, :root[data-theme=""dark""] .story-copy .eyebrow, :root[data-theme=""dark""] .story-subtitle, :root[data-theme=""dark""] .story-note | 1133: :root:is([data-theme], :not([data-theme])) .eyebrow, :root:is([data-theme], :not([data-theme])) .story-copy .eyebrow, :root:is([data-theme], :not([data-theme])) .story-subtitle, :root:is([data-theme], :not([data-theme])) .story-note, :root:is([data-theme], :not([data-theme])) .form-intro, :root:is([data-theme], :not([data-theme])) .auth-form label small, :root:is([data-theme], :not([data-theme])) .auth-switch, :root:is([data-theme], :not([data-theme])) .privacy-note, :root:is([data-theme], :not([data-theme])) .username-input > span, :root:is([data-theme], :not([data-theme])) .chat-row-copy small, :root:is([data-theme], :not([data-theme])) .chat-row-meta, :root:is([data-theme], :not([data-theme])) .list-section-label, :root:is([data-theme], :not([data-theme])) .inbox-footnote, :root:is([data-theme], :not([data-theme])) .empty-title, :root:is([data-theme], :not([data-theme])) .composer-hint, :root:is([data-theme], :not([data-theme])) .message-time, :root:is([data-theme], :not([data-theme])) .message-edited, :root:is([data-theme], :not([data-theme])) .message-meta strong, :root:is([data-theme], :not([data-theme])) .conversation-identity-button, :root:is([data-theme], :not([data-theme])) .profile-avatar-actions > span",""
"298","298",".updates-header h1","0,1,1","296: .updates-header | 297: .updates-header .eyebrow","299: .updates-header > div > p:last-child | 923: :root[data-theme=""dark""] body",""
"299","299",".updates-header > div > p:last-child","0,2,2","296: .updates-header | 297: .updates-header .eyebrow | 298: .updates-header h1","923: :root[data-theme=""dark""] body",""
"300","300",".updates-search","0,1,0","","302: .updates-search input | 303: .updates-search button | 685: .updates-search | 923: :root[data-theme=""dark""] body | 999: :root[data-theme=""dark""] .updates-search, :root[data-theme=""dark""] .updates-live-call, :root[data-theme=""dark""] .updates-item, :root[data-theme=""dark""] .shared-object-card | 1001: :root[data-theme=""dark""] .updates-search input | 1002: :root[data-theme=""dark""] .updates-search button, :root[data-theme=""dark""] .updates-filters button.is-active | 1124: :root:is([data-theme], :not([data-theme])) body",""
"301","301",".updates-search:focus-within","0,2,0","","999: :root[data-theme=""dark""] .updates-search, :root[data-theme=""dark""] .updates-live-call, :root[data-theme=""dark""] .updates-item, :root[data-theme=""dark""] .shared-object-card | 1070: 50%",""
"302","302",".updates-search input","0,1,1","300: .updates-search","303: .updates-search button | 551: 0%, 45% | 685: .updates-search | 751: :where(button, a, input, textarea, select, [tabindex]):focus-visible | 923: :root[data-theme=""dark""] body | 999: :root[data-theme=""dark""] .updates-search, :root[data-theme=""dark""] .updates-live-call, :root[data-theme=""dark""] .updates-item, :root[data-theme=""dark""] .shared-object-card | 1001: :root[data-theme=""dark""] .updates-search input | 1002: :root[data-theme=""dark""] .updates-search button, :root[data-theme=""dark""] .updates-filters button.is-active | 1124: :root:is([data-theme], :not([data-theme])) body",""
"303","303",".updates-search button","0,1,1","300: .updates-search | 302: .updates-search input","923: :root[data-theme=""dark""] body | 999: :root[data-theme=""dark""] .updates-search, :root[data-theme=""dark""] .updates-live-call, :root[data-theme=""dark""] .updates-item, :root[data-theme=""dark""] .shared-object-card | 1001: :root[data-theme=""dark""] .updates-search input | 1002: :root[data-theme=""dark""] .updates-search button, :root[data-theme=""dark""] .updates-filters button.is-active | 1124: :root:is([data-theme], :not([data-theme])) body",""
"304","304",".updates-filters","0,1,0","","",""
"305","305",".updates-filters button","0,1,1","","306: .updates-filters button:hover, .updates-filters button.is-active | 923: :root[data-theme=""dark""] body | 1002: :root[data-theme=""dark""] .updates-search button, :root[data-theme=""dark""] .updates-filters button.is-active | 1003: :root[data-theme=""dark""] .updates-filters button | 1124: :root:is([data-theme], :not([data-theme])) body",""
"306","306",".updates-filters button:hover, .updates-filters button.is-active","0,2,1 / 0,2,1","113: .space-channel:hover, .space-channel.is-active | 213: .space-channel-row.is-active | 215: .space-channel-row .space-channel:hover, .space-channel-row.is-active .space-channel | 226: .space-settings-nav button:hover, .space-settings-nav button.is-active | 237: .space-channel-settings-tabs button:hover, .space-channel-settings-tabs button.is-active | 305: .updates-filters button","923: :root[data-theme=""dark""] body | 977: :root[data-theme=""dark""] .spaces-intro, :root[data-theme=""dark""] .spaces-list, :root[data-theme=""dark""] .space-sidebar, :root[data-theme=""dark""] .space-list-card:hover, :root[data-theme=""dark""] .space-channel:hover, :root[data-theme=""dark""] .space-channel.is-active | 984: :root[data-theme=""dark""] .space-channel:hover, :root[data-theme=""dark""] .space-channel.is-active | 994: :root[data-theme=""dark""] .space-settings-nav button:hover, :root[data-theme=""dark""] .space-settings-nav button.is-active, :root[data-theme=""dark""] .space-channel-settings-tabs button:hover, :root[data-theme=""dark""] .space-channel-settings-tabs button.is-active, :root[data-theme=""dark""] .space-channel-row.is-active | 1002: :root[data-theme=""dark""] .updates-search button, :root[data-theme=""dark""] .updates-filters button.is-active | 1003: :root[data-theme=""dark""] .updates-filters button | 1124: :root:is([data-theme], :not([data-theme])) body | 1141: :root:is([data-theme], :not([data-theme])) .rail-item-active, :root:is([data-theme], :not([data-theme])) .chat-list-item.selected, :root:is([data-theme], :not([data-theme])) .inbox-filters button.filter-active, :root:is([data-theme], :not([data-theme])) .username-match.is-selected, :root:is([data-theme], :not([data-theme])) .mobile-bottom-nav button[aria-current=""page""], :root:is([data-theme], :not([data-theme])) .space-channel.is-active",""
"307","307",".updates-sections","0,1,0","","686: .updates-sections",""
"308","308",".updates-section > header","0,1,1","","309: .updates-section > header > span",""
"309","309",".updates-section > header > span","0,1,2","308: .updates-section > header","311: .updates-section > header h2 | 312: .updates-section > header p | 313: .updates-section > header b | 687: .updates-section > header > span | 923: :root[data-theme=""dark""] body | 1006: :root[data-theme=""dark""] .shared-object-icon, :root[data-theme=""dark""] .updates-section > header > span | 1124: :root:is([data-theme], :not([data-theme])) body",""
"310","310",".updates-section > header > div","0,1,2","","",""
"311","311",".updates-section > header h2","0,1,2","309: .updates-section > header > span","312: .updates-section > header p | 313: .updates-section > header b | 923: :root[data-theme=""dark""] body | 1006: :root[data-theme=""dark""] .shared-object-icon, :root[data-theme=""dark""] .updates-section > header > span",""
"312","312",".updates-section > header p","0,1,2","309: .updates-section > header > span | 311: .updates-section > header h2","313: .updates-section > header b | 923: :root[data-theme=""dark""] body | 1006: :root[data-theme=""dark""] .shared-object-icon, :root[data-theme=""dark""] .updates-section > header > span",""
"313","313",".updates-section > header b","0,1,2","309: .updates-section > header > span | 311: .updates-section > header h2 | 312: .updates-section > header p","923: :root[data-theme=""dark""] body | 1006: :root[data-theme=""dark""] .shared-object-icon, :root[data-theme=""dark""] .updates-section > header > span",""
"314","314",".updates-empty","0,1,0","","923: :root[data-theme=""dark""] body",""
"315","315",".updates-grid","0,1,0","","",""
"316","316",".updates-live-call","0,1,0","","318: .updates-live-call > div | 321: .updates-live-call button | 322: .updates-live-call button:hover | 923: :root[data-theme=""dark""] body | 999: :root[data-theme=""dark""] .updates-search, :root[data-theme=""dark""] .updates-live-call, :root[data-theme=""dark""] .updates-item, :root[data-theme=""dark""] .shared-object-card | 1000: :root[data-theme=""dark""] .updates-live-call button | 1124: :root:is([data-theme], :not([data-theme])) body",""
"317","317",".updates-live-indicator","0,1,0","","923: :root[data-theme=""dark""] body | 1070: 50% | 1124: :root:is([data-theme], :not([data-theme])) body",""
"318","318",".updates-live-call > div","0,1,1","316: .updates-live-call","",""
"319","319",".updates-live-call strong","0,1,1","","320: .updates-live-call small | 321: .updates-live-call button | 923: :root[data-theme=""dark""] body | 1000: :root[data-theme=""dark""] .updates-live-call button",""
"320","320",".updates-live-call small","0,1,1","319: .updates-live-call strong","321: .updates-live-call button | 923: :root[data-theme=""dark""] body | 1000: :root[data-theme=""dark""] .updates-live-call button",""
"321","321",".updates-live-call button","0,1,1","316: .updates-live-call | 319: .updates-live-call strong | 320: .updates-live-call small","322: .updates-live-call button:hover | 923: :root[data-theme=""dark""] body | 999: :root[data-theme=""dark""] .updates-search, :root[data-theme=""dark""] .updates-live-call, :root[data-theme=""dark""] .updates-item, :root[data-theme=""dark""] .shared-object-card | 1000: :root[data-theme=""dark""] .updates-live-call button | 1124: :root:is([data-theme], :not([data-theme])) body",""
"322","322",".updates-live-call button:hover","0,2,1","316: .updates-live-call | 321: .updates-live-call button","923: :root[data-theme=""dark""] body | 999: :root[data-theme=""dark""] .updates-search, :root[data-theme=""dark""] .updates-live-call, :root[data-theme=""dark""] .updates-item, :root[data-theme=""dark""] .shared-object-card | 1000: :root[data-theme=""dark""] .updates-live-call button | 1124: :root:is([data-theme], :not([data-theme])) body",""
"323","323",".updates-item","0,1,0","","923: :root[data-theme=""dark""] body | 999: :root[data-theme=""dark""] .updates-search, :root[data-theme=""dark""] .updates-live-call, :root[data-theme=""dark""] .updates-item, :root[data-theme=""dark""] .shared-object-card | 1124: :root:is([data-theme], :not([data-theme])) body",""
"324","324",".updates-item-context","0,1,0","","325: .updates-item-context strong | 923: :root[data-theme=""dark""] body",""
"325","325",".updates-item-context strong","0,1,1","324: .updates-item-context","923: :root[data-theme=""dark""] body",""
"326","326",".updates-open-source","0,1,0","","923: :root[data-theme=""dark""] body | 1124: :root:is([data-theme], :not([data-theme])) body",""
"327","327",".updates-open-source:hover","0,2,0","","",""
"328","328",".updates-saving","0,1,0","","923: :root[data-theme=""dark""] body | 1070: 50% | 1124: :root:is([data-theme], :not([data-theme])) body",""
"329","329",".space-settings-layout","0,1,0","223: .space-settings-layout","662: .space-settings-layout","@container (max-width: 700px)"
"330","330",".space-settings-nav","0,1,0","224: .space-settings-nav | 225: .space-settings-nav button","663: .space-settings-nav","@container (max-width: 700px)"
"331","331",".space-settings-nav button","0,1,1","","664: .space-settings-nav button","@container (max-width: 700px)"
"332","332",".space-settings-content","0,1,0","228: .space-settings-content","665: .space-settings-content","@container (max-width: 700px)"
